factor,ic,p_value
adv_alpha_20,0.29585336154243125,0.0
adv_percentile,0.14137491184578033,2.477012306152535e-289
fz_vp_momentum_ratio,0.09854697471239826,2.737279142651399e-141
adv_information_ratio,0.09631171093446225,6.711637860683517e-135
dh_mf_net_flow_5,0.07644187413609646,1.2160318508284589e-85
dh_mf_inflow_ratio,0.05368839529825209,5.428426161735e-43
fz_vp_cumulative,0.04881383565443588,5.5346005382142374e-36
adv_calmar_20,0.043965147148689536,3.6127319525872745e-29
